{
  "generation": [
    {
      "templateId": "ui5template.basicSAPUI5ApplicationComponent",
      "templateVersion": "1.4.0",
      "dateTimeStamp": "Sun, 12 Nov 2017 22:57:06 GMT"
    },
    {
      "templateId": "servicecatalog.connectivityComponent",
      "templateVersion": "0.0.0",
      "dateTimeStamp": "Mon, 13 Nov 2017 19:50:03 GMT"
    }
  ],
  "mockpreview": {
    "mockUri": "/sap/opu/odata/iwbep/GWSAMPLE_BASIC",
    "metadataFilePath": "",
    "loadJSONFiles": false,
    "loadCustomRequests": false,
    "mockRequestsFilePath": ""
  },
  "hybrid": {
    "backendDestination": "ES4"
  }
}